run_id,software_version,generated_at_utc,symbol,strategy_name,short_window,long_window,requested_start_date,requested_end_date,actual_start_date,actual_end_date,analysis_start_date,analysis_end_date,source,source_version,data_sha256,adjustment_method,initial_capital,fee_rate,slippage_rate,trade_id,status,entry_date,entry_raw_price,entry_execution_price,quantity,entry_fee,entry_slippage_cost,exit_date,exit_raw_price,exit_execution_price,exit_fee,exit_slippage_cost,mark_date,mark_price,holding_days,gross_pnl,total_fees,total_slippage_cost,net_pnl,net_return
f74140da8472ee71,0.1.0,2026-07-14T16:00:00Z,SPY,SMA 双均线,20,60,2015-01-01,2024-12-31,2014-10-07,2024-12-31,2015-01-02,2024-12-31,Yahoo Finance via yfinance,1.5.1,ed981728b13a8092c5729b2cef165cb7e43c51b9dc3b108deed4082bd37c9811,adjusted_close/raw_close ratio applied to raw OHLC; volume retained unadjusted,10000.0000000000,0.0005000000,0.0005000000,1,CLOSED,2015-01-02,170.4725274269,170.5577636906,58.6018618119,4.9975012494,4.9950037475,2015-01-28,168.6470841716,168.5627606296,4.9390458025,4.9415165608,,,17,-106.9743733906,9.9365470519,9.9365203083,-126.8474407508,-0.0126847441
f74140da8472ee71,0.1.0,2026-07-14T16:00:00Z,SPY,SMA 双均线,20,60,2015-01-01,2024-12-31,2014-10-07,2024-12-31,2015-01-02,2024-12-31,Yahoo Finance via yfinance,1.5.1,ed981728b13a8092c5729b2cef165cb7e43c51b9dc3b108deed4082bd37c9811,adjusted_close/raw_close ratio applied to raw OHLC; volume retained unadjusted,10000.0000000000,0.0005000000,0.0005000000,2,CLOSED,2015-02-18,173.1819022456,173.2684931968,56.9533344924,4.9341092250,4.9316434033,2015-07-01,173.1919540582,173.1053580811,4.9294636806,4.9319296454,,,93,0.5724842416,9.8635729056,9.8635730487,-19.1546617127,-0.0019400755
f74140da8472ee71,0.1.0,2026-07-14T16:00:00Z,SPY,SMA 双均线,20,60,2015-01-01,2024-12-31,2014-10-07,2024-12-31,2015-01-02,2024-12-31,Yahoo Finance via yfinance,1.5.1,ed981728b13a8092c5729b2cef165cb7e43c51b9dc3b108deed4082bd37c9811,adjusted_close/raw_close ratio applied to raw OHLC; volume retained unadjusted,10000.0000000000,0.0005000000,0.0005000000,3,CLOSED,2015-08-06,175.3263299027,175.4139930677,56.1475922680,4.9245366804,4.9220756426,2015-08-20,172.1748281473,172.0887407332,4.8311842243,4.8336010248,,,10,-176.9492355967,9.7557209047,9.7556766674,-196.4606331688,-0.0199371499
f74140da8472ee71,0.1.0,2026-07-14T16:00:00Z,SPY,SMA 双均线,20,60,2015-01-01,2024-12-31,2014-10-07,2024-12-31,2015-01-02,2024-12-31,Yahoo Finance via yfinance,1.5.1,ed981728b13a8092c5729b2cef165cb7e43c51b9dc3b108deed4082bd37c9811,adjusted_close/raw_close ratio applied to raw OHLC; volume retained unadjusted,10000.0000000000,0.0005000000,0.0005000000,4,CLOSED,2015-10-27,172.8101346105,172.8965396778,55.8294048389,4.8263554545,4.8239434827,2015-12-31,172.9365444743,172.8500762021,4.8250584404,4.8274721764,,,45,7.0573874636,9.6514138948,9.6514156592,-12.2454420904,-0.0012679674
f74140da8472ee71,0.1.0,2026-07-14T16:00:00Z,SPY,SMA 双均线,20,60,2015-01-01,2024-12-31,2014-10-07,2024-12-31,2015-01-02,2024-12-31,Yahoo Finance via yfinance,1.5.1,ed981728b13a8092c5729b2cef165cb7e43c51b9dc3b108deed4082bd37c9811,adjusted_close/raw_close ratio applied to raw OHLC; volume retained unadjusted,10000.0000000000,0.0005000000,0.0005000000,5,CLOSED,2016-03-14,170.4326321262,170.5178484423,56.5364369452,4.8202357932,4.8178268798,2016-09-28,184.7755877846,184.6831999908,5.2206650456,5.2232766839,,,138,810.8996081890,10.0409008388,10.0411035637,790.8176037865,0.0819900132
f74140da8472ee71,0.1.0,2026-07-14T16:00:00Z,SPY,SMA 双均线,20,60,2015-01-01,2024-12-31,2014-10-07,2024-12-31,2015-01-02,2024-12-31,Yahoo Finance via yfinance,1.5.1,ed981728b13a8092c5729b2cef165cb7e43c51b9dc3b108deed4082bd37c9811,adjusted_close/raw_close ratio applied to raw OHLC; volume retained unadjusted,10000.0000000000,0.0005000000,0.0005000000,6,CLOSED,2016-11-25,189.2872833755,189.3819270172,55.0786135898,5.2154469895,5.2128405693,2018-02-28,242.0206033172,241.8995930156,6.6617471056,6.6650796454,,,315,2904.4781523779,11.8771940952,11.8779202147,2880.7230380680,0.2760341925
f74140da8472ee71,0.1.0,2026-07-14T16:00:00Z,SPY,SMA 双均线,20,60,2015-01-01,2024-12-31,2014-10-07,2024-12-31,2015-01-02,2024-12-31,Yahoo Finance via yfinance,1.5.1,ed981728b13a8092c5729b2cef165cb7e43c51b9dc3b108deed4082bd37c9811,adjusted_close/raw_close ratio applied to raw OHLC; volume retained unadjusted,10000.0000000000,0.0005000000,0.0005000000,7,CLOSED,2018-03-15,242.1961896626,242.3172877574,54.9287155639,6.6550886877,6.6517628063,2018-03-21,238.7767411290,238.6573527584,6.5545709235,6.5578498484,,,4,-187.8259158889,13.2096596112,13.2096126547,-214.2451881548,-0.0160882994
f74140da8472ee71,0.1.0,2026-07-14T16:00:00Z,SPY,SMA 双均线,20,60,2015-01-01,2024-12-31,2014-10-07,2024-12-31,2015-01-02,2024-12-31,Yahoo Finance via yfinance,1.5.1,ed981728b13a8092c5729b2cef165cb7e43c51b9dc3b108deed4082bd37c9811,adjusted_close/raw_close ratio applied to raw OHLC; volume retained unadjusted,10000.0000000000,0.0005000000,0.0005000000,8,CLOSED,2018-05-22,241.4739041390,241.5946410910,54.2066628515,6.5480196282,6.5447472545,2018-10-22,246.3599422318,246.2367622607,6.6738365768,6.6771751643,,,106,264.8558195764,13.2218562049,13.2219224189,238.4120409526,0.0181957987
f74140da8472ee71,0.1.0,2026-07-14T16:00:00Z,SPY,SMA 双均线,20,60,2015-01-01,2024-12-31,2014-10-07,2024-12-31,2015-01-02,2024-12-31,Yahoo Finance via yfinance,1.5.1,ed981728b13a8092c5729b2cef165cb7e43c51b9dc3b108deed4082bd37c9811,adjusted_close/raw_close ratio applied to raw OHLC; volume retained unadjusted,10000.0000000000,0.0005000000,0.0005000000,9,CLOSED,2019-02-05,243.7192817971,243.8411414380,54.6845051340,6.6671660754,6.6638341583,2019-06-03,247.3716223236,247.2479365124,6.7603155268,6.7636973755,,,81,199.7264342691,13.4274816022,13.4275315338,172.8714211330,0.0129579065
f74140da8472ee71,0.1.0,2026-07-14T16:00:00Z,SPY,SMA 双均线,20,60,2015-01-01,2024-12-31,2014-10-07,2024-12-31,2015-01-02,2024-12-31,Yahoo Finance via yfinance,1.5.1,ed981728b13a8092c5729b2cef165cb7e43c51b9dc3b108deed4082bd37c9811,adjusted_close/raw_close ratio applied to raw OHLC; volume retained unadjusted,10000.0000000000,0.0005000000,0.0005000000,10,CLOSED,2019-06-28,264.1676184519,264.2997022611,51.1053060746,6.7535585897,6.7501834980,2019-08-23,262.6688750604,262.5375406228,6.7085306848,6.7118866281,,,39,-76.5937397506,13.4620892745,13.4620701261,-103.5178991513,-0.0076601220
f74140da8472ee71,0.1.0,2026-07-14T16:00:00Z,SPY,SMA 双均线,20,60,2015-01-01,2024-12-31,2014-10-07,2024-12-31,2015-01-02,2024-12-31,Yahoo Finance via yfinance,1.5.1,ed981728b13a8092c5729b2cef165cb7e43c51b9dc3b108deed4082bd37c9811,adjusted_close/raw_close ratio applied to raw OHLC; volume retained unadjusted,10000.0000000000,0.0005000000,0.0005000000,11,CLOSED,2019-09-19,272.2484746883,272.3845989256,49.2085494785,6.7018255067,6.6984762686,2020-03-06,267.2119474918,267.0783415181,6.5712688916,6.5745561697,,,116,-247.8401977463,13.2730943983,13.2730324383,-274.3863245828,-0.0204607834
f74140da8472ee71,0.1.0,2026-07-14T16:00:00Z,SPY,SMA 双均线,20,60,2015-01-01,2024-12-31,2014-10-07,2024-12-31,2015-01-02,2024-12-31,Yahoo Finance via yfinance,1.5.1,ed981728b13a8092c5729b2cef165cb7e43c51b9dc3b108deed4082bd37c9811,adjusted_close/raw_close ratio applied to raw OHLC; volume retained unadjusted,10000.0000000000,0.0005000000,0.0005000000,12,CLOSED,2020-05-07,263.8320410551,263.9639570756,49.7393733557,6.5647009067,6.5614201966,2020-10-08,316.9993201119,316.8408204518,7.8797319314,7.8836737683,,,107,2644.5071433097,14.4444328381,14.4450939649,2615.6176165067,0.1991187792
f74140da8472ee71,0.1.0,2026-07-14T16:00:00Z,SPY,SMA 双均线,20,60,2015-01-01,2024-12-31,2014-10-07,2024-12-31,2015-01-02,2024-12-31,Yahoo Finance via yfinance,1.5.1,ed981728b13a8092c5729b2cef165cb7e43c51b9dc3b108deed4082bd37c9811,adjusted_close/raw_close ratio applied to raw OHLC; volume retained unadjusted,10000.0000000000,0.0005000000,0.0005000000,13,CLOSED,2020-10-09,319.5049807154,319.6647332057,49.2507012482,7.8718561373,7.8679221763,2021-10-05,403.4037961536,403.2020942555,9.9289929434,9.9339599234,,,248,4132.0754942252,17.8008490808,17.8018820996,4096.4727630448,0.2600673513
f74140da8472ee71,0.1.0,2026-07-14T16:00:00Z,SPY,SMA 双均线,20,60,2015-01-01,2024-12-31,2014-10-07,2024-12-31,2015-01-02,2024-12-31,Yahoo Finance via yfinance,1.5.1,ed981728b13a8092c5729b2cef165cb7e43c51b9dc3b108deed4082bd37c9811,adjusted_close/raw_close ratio applied to raw OHLC; volume retained unadjusted,10000.0000000000,0.0005000000,0.0005000000,14,CLOSED,2021-10-29,427.4351015060,427.6488190567,46.3888521164,9.9190689125,9.9141118566,2022-01-26,414.6818242151,414.4744833030,9.6134977560,9.6183069094,,,60,-591.6098942465,19.5325666685,19.5324187660,-630.6748796809,-0.0317751447
f74140da8472ee71,0.1.0,2026-07-14T16:00:00Z,SPY,SMA 双均线,20,60,2015-01-01,2024-12-31,2014-10-07,2024-12-31,2015-01-02,2024-12-31,Yahoo Finance via yfinance,1.5.1,ed981728b13a8092c5729b2cef165cb7e43c51b9dc3b108deed4082bd37c9811,adjusted_close/raw_close ratio applied to raw OHLC; volume retained unadjusted,10000.0000000000,0.0005000000,0.0005000000,15,CLOSED,2022-04-06,421.7936733149,422.0045701516,45.5155689860,9.6038890626,9.5990895178,2022-05-02,388.9291024755,388.7346379243,8.8467391148,8.8511646972,,,17,-1495.8496412352,18.4506281774,18.4502542150,-1532.7505236276,-0.0797585500
f74140da8472ee71,0.1.0,2026-07-14T16:00:00Z,SPY,SMA 双均线,20,60,2015-01-01,2024-12-31,2014-10-07,2024-12-31,2015-01-02,2024-12-31,Yahoo Finance via yfinance,1.5.1,ed981728b13a8092c5729b2cef165cb7e43c51b9dc3b108deed4082bd37c9811,adjusted_close/raw_close ratio applied to raw OHLC; volume retained unadjusted,10000.0000000000,0.0005000000,0.0005000000,16,CLOSED,2022-08-03,388.9312850233,389.1257506659,45.4243739036,8.8378967969,8.8334800569,2022-09-21,367.5045243783,367.3207721161,8.3426580476,8.3468314633,,,34,-973.2971870840,17.1805548445,17.1803115202,-1007.6580534487,-0.0569793074
f74140da8472ee71,0.1.0,2026-07-14T16:00:00Z,SPY,SMA 双均线,20,60,2015-01-01,2024-12-31,2014-10-07,2024-12-31,2015-01-02,2024-12-31,Yahoo Finance via yfinance,1.5.1,ed981728b13a8092c5729b2cef165cb7e43c51b9dc3b108deed4082bd37c9811,adjusted_close/raw_close ratio applied to raw OHLC; volume retained unadjusted,10000.0000000000,0.0005000000,0.0005000000,17,CLOSED,2022-11-17,371.6449453938,371.8307678665,44.8285633091,8.3343195588,8.3301544815,2023-01-11,375.0440560610,374.8565340329,8.4021399339,8.4063431054,,,36,152.3772477378,16.7364594926,16.7364975870,118.9042906582,0.0071298483
f74140da8472ee71,0.1.0,2026-07-14T16:00:00Z,SPY,SMA 双均线,20,60,2015-01-01,2024-12-31,2014-10-07,2024-12-31,2015-01-02,2024-12-31,Yahoo Finance via yfinance,1.5.1,ed981728b13a8092c5729b2cef165cb7e43c51b9dc3b108deed4082bd37c9811,adjusted_close/raw_close ratio applied to raw OHLC; volume retained unadjusted,10000.0000000000,0.0005000000,0.0005000000,18,CLOSED,2023-01-27,385.9731821849,386.1661687760,43.4721768585,8.3937419929,8.3895472193,2023-03-20,375.1028011958,374.9152497952,8.1491910230,8.1532676568,,,35,-472.5591248765,16.5429330159,16.5428148761,-505.6448727685,-0.0301052961
f74140da8472ee71,0.1.0,2026-07-14T16:00:00Z,SPY,SMA 双均线,20,60,2015-01-01,2024-12-31,2014-10-07,2024-12-31,2015-01-02,2024-12-31,Yahoo Finance via yfinance,1.5.1,ed981728b13a8092c5729b2cef165cb7e43c51b9dc3b108deed4082bd37c9811,adjusted_close/raw_close ratio applied to raw OHLC; volume retained unadjusted,10000.0000000000,0.0005000000,0.0005000000,19,CLOSED,2023-04-13,392.7445207255,392.9408929858,41.4364910849,8.1410459046,8.1369774158,2023-09-06,431.9879277286,431.7719337647,8.9455569421,8.9500319581,,,100,1626.1090844274,17.0866028466,17.0870093739,1591.9354722069,0.0977233098
f74140da8472ee71,0.1.0,2026-07-14T16:00:00Z,SPY,SMA 双均线,20,60,2015-01-01,2024-12-31,2014-10-07,2024-12-31,2015-01-02,2024-12-31,Yahoo Finance via yfinance,1.5.1,ed981728b13a8092c5729b2cef165cb7e43c51b9dc3b108deed4082bd37c9811,adjusted_close/raw_close ratio applied to raw OHLC; volume retained unadjusted,10000.0000000000,0.0005000000,0.0005000000,20,CLOSED,2023-11-24,439.9602422809,440.1802224020,40.6043497680,8.9366158557,8.9321497808,2024-05-02,490.9073012019,490.6618475513,9.9615026379,9.9664858808,,,109,2068.6722000778,18.8981184936,18.8986356616,2030.8754459226,0.1135698652
f74140da8472ee71,0.1.0,2026-07-14T16:00:00Z,SPY,SMA 双均线,20,60,2015-01-01,2024-12-31,2014-10-07,2024-12-31,2015-01-02,2024-12-31,Yahoo Finance via yfinance,1.5.1,ed981728b13a8092c5729b2cef165cb7e43c51b9dc3b108deed4082bd37c9811,adjusted_close/raw_close ratio applied to raw OHLC; volume retained unadjusted,10000.0000000000,0.0005000000,0.0005000000,21,CLOSED,2024-05-20,515.6595992674,515.9174290670,38.5780574675,9.9515461135,9.9465728271,2024-08-14,530.2960214933,530.0308734826,10.2237807484,10.2288951960,,,59,564.6447377515,20.1753268619,20.1754680231,524.2939428666,0.0263291714
f74140da8472ee71,0.1.0,2026-07-14T16:00:00Z,SPY,SMA 双均线,20,60,2015-01-01,2024-12-31,2014-10-07,2024-12-31,2015-01-02,2024-12-31,Yahoo Finance via yfinance,1.5.1,ed981728b13a8092c5729b2cef165cb7e43c51b9dc3b108deed4082bd37c9811,adjusted_close/raw_close ratio applied to raw OHLC; volume retained unadjusted,10000.0000000000,0.0005000000,0.0005000000,22,OPEN,2024-09-03,547.5086116923,547.7823659982,37.2905836732,10.2135620770,10.2084578480,,,,,,2024-12-31,576.2153320313,83,1070.4903567797,10.2135620770,10.2084578480,1050.0683368547,0.0513798985
